iteration,LB,UB,gap
1,-10000,10000,2.0
2,3317.88,3486.33,0.04831728493860301
3,3478.34,3486.33,0.0022918082912402964
CPU time 6.1829 second