iteration,LB,UB,gap
1,-10000,10000,2.0
2,2549.66,2778.14,0.08224207563333742
3,2711.51,2764.55,0.01918576260150837
4,2764.55,2764.55,0.0
CPU time 0.3781 second