iteration,local_LB,local_UB,LB,UB,gap
1,829.0,849.48,829.0,849.48,0.024108866600744006
2,834.12,854.84,834.12,849.48,0.018081649950558006
3,834.12,850.92,834.12,849.48,0.018081649950558006
4,842.0,849.24,842.0,849.24,0.008525269652866103
5,842.78,849.36,842.78,849.24,0.007606801375347412
6,844.67,853.16,844.67,849.24,0.005381282087513601
7,845.34,847.27,845.34,847.27,0.002277904328018164
8,847.27,847.27,847.27,847.27,0.0
CPU time 0.3554 second