iteration,pi
1,0.0
2,-22.732026143790854
3,-6.448979591836753
4,-0.7587719298245612
5,-0.326923076923077
6,-0.03448275862069039
7,-0.034482758620690834
8,-0.034482758620690834
9,-0.034482758620690834
10,-0.034482758620690834
