iteration,y,z
1,27.910571473905726,4277.0
2,29.464713645329475,4277.0
3,32.96339550225331,4277.0
4,37.72236576108021,4277.0
5,39.70627450786737,4277.0
6,39.59116463884736,4279.984126984127
7,39.59116463884736,4279.984126984127
8,39.59116463884736,4279.984126984127
9,39.59116463884736,4279.984126984127
10,39.59116463884736,4279.984126984127
