iteration,LB,UB,gap
1,-10000,10000,2.0
2,4293.54,4439.68,0.03291678679544479
3,4434.12,4438.34,0.0009508059319475872
CPU time 8.2304 second