iteration,LB,UB,gap
1,-10000,10000,2.0
2,1806.6,1977.32,0.08633908522646816
3,1968.53,1973.85,0.00269524026648425
CPU time 0.3061 second