iteration,local_LB,local_UB,LB,UB,gap
1,2399.5,2531.52,2399.5,2531.52,0.05215048666413853
2,2412.66,2413.78,2412.66,2413.78,0.00046400251887095985
3,2412.66,2412.66,2412.66,2412.66,0.0
CPU time 0.4928 second