iteration,y,z
1,51.57464055509352,2334.0
2,61.935450268807635,2334.0000000000005
3,61.935450268807635,2334.0000000000005
