iteration,pi
1,-0.7587719298245608
2,-0.3269230769230771
3,-0.032085561497326553
4,-0.032085561497326553
5,-0.032085561497326553
6,-0.032085561497326553
7,-0.032085561497326553
8,-0.032085561497326553
9,-0.032085561497326553
10,-0.032085561497326553
