iteration,y,z
1,37.85491011286619,4277.0
2,40.669398815325444,4277.134615384617
3,40.669398815325444,4277.134615384617
4,40.669398815325444,4277.134615384617
5,40.669398815325444,4277.134615384617
6,40.669398815325444,4277.134615384617
7,40.669398815325444,4277.134615384617
8,40.669398815325444,4277.134615384617
9,40.669398815325444,4277.134615384617
10,40.669398815325444,4277.134615384617
