iteration,pi
1,-0.026964202696420275
2,-1.0308967596081386
3,-0.5664739884393061
