iteration,local_LB,local_UB,LB,UB,gap
1,2745.96,2764.55,2745.96,2764.55,0.006724421696116961
2,2760.37,3511.97,2760.37,2764.55,0.0015120001446891143
3,2762.95,2950.65,2762.95,2764.55,0.0005787560362447283
CPU time 0.6253 second