iteration,y,z
1,39.24283374069716,2588.986517898652
2,47.9897165076554,2568.4124836596293
3,49.886252935592736,2563.4072443266723
