iteration,pi
1,0.0
2,-7.866666666666666
3,-3.125000000000001
4,-0.5042735042735043
