iteration,local_LB,local_UB,LB,UB,gap
1,712.36,720.55,712.36,720.55,0.0113663173964332
2,713.91,896.36,713.91,720.55,0.009215182846436732
3,715.97,896.36,715.97,720.55,0.006356255638054163
4,720.55,773.91,720.55,720.55,0.0
CPU time 0.3253 second