iteration,y,z
1,8.94427190999916,701.0
2,10.168078997946198,701.0
3,11.784735890124987,701.0
4,15.394804318340656,701.0
