iteration,pi
1,0.0
2,-1.0714285714285712
3,-1.0714285714285712
4,-1.0714285714285712
5,-1.0714285714285712
6,-1.0714285714285712
7,-1.0714285714285712
8,-1.0714285714285712
9,-1.0714285714285712
10,-1.0714285714285712
