iteration,local_LB,local_UB,LB,UB,gap
1,1835.82,1844.7,1835.82,1844.7,0.004813790860302547
2,1843.14,2287.64,1843.14,1844.7,0.0008456659619450021
3,1843.51,1860.16,1843.51,1844.7,0.0006450913427657909
4,1844.7,1844.96,1844.7,1844.7,0.0
CPU time 0.6307 second