iteration,y,z
1,39.08964057138413,1786.179617834395
2,46.85638140307995,1783.62858415978
3,47.27163980894793,1783.4792053621902
4,48.579831205964034,1783.0000000000002
