iteration,pi
1,0.0
2,-139.9999999999999
3,-5.084745762711864
4,-2.4
5,0.0
6,0.0
7,0.0
8,0.0
9,0.0
10,0.0
