iteration,local_LB,local_UB,LB,UB,gap
1,850.1,850.1,853.64,0.0041469471908532445
2,850.23,850.23,853.64,0.0039946581697202195
3,853.15,853.15,853.64,0.0005740124642706634
4,853.64,853.64,853.64,0.0
CPU time 0.2 second