iteration,y,z
1,10.099504938362077,840.0
2,10.22601723895616,840.0
3,13.145341380123988,840.0
4,13.638181696985859,840.0
5,13.638181696985859,840.0
6,13.638181696985859,840.0
7,13.638181696985859,840.0
8,13.638181696985859,840.0
9,13.638181696985859,840.0
10,13.638181696985859,840.0
