iteration,local_LB,local_UB,LB,UB,gap
1,736.78,762.58,736.78,762.58,0.033832515932754686
2,741.67,920.78,741.67,762.58,0.02742007395945354
3,748.14,920.78,748.14,762.58,0.018935718219727837
4,762.58,803.82,762.58,762.58,0.0
CPU time 0.3109 second