iteration,y,z
1,11.40175425099138,1080.0
2,11.40175425099138,1080.0
3,11.40175425099138,1080.0
4,11.40175425099138,1080.0
5,11.40175425099138,1080.0
6,11.40175425099138,1080.0
7,11.40175425099138,1080.0
8,11.40175425099138,1080.0
9,11.40175425099138,1080.0
10,11.40175425099138,1080.0
