iteration,local_LB,local_UB,LB,UB,gap
1,4277.0,4328.65,4277.0,4328.65,0.011932126644565775
2,4320.79,4357.19,4320.79,4328.65,0.0018158086239357936
3,4325.78,4330.27,4325.78,4328.65,0.0006630242685363545
4,4328.65,4328.65,4328.65,4328.65,0.0
CPU time 11.8843 second