iteration,y,z
1,13.379088160259652,1080.0
2,14.7648230602334,1080.0
3,14.7648230602334,1080.0
4,14.7648230602334,1080.0
5,14.7648230602334,1080.0
6,14.7648230602334,1080.0
7,14.7648230602334,1080.0
8,14.7648230602334,1080.0
9,14.7648230602334,1080.0
10,14.7648230602334,1080.0
