iteration,LB,UB,gap
1,-10000,10000,2.0
2,1806.6,1844.7,0.020653764839811423
3,1843.27,1844.7,0.0007751937984496469
CPU time 0.3067 second