iteration,pi
1,0.0
2,-3.5294117647058822
3,-3.5294117647058822
4,-3.5294117647058822
5,-3.5294117647058822
6,-3.5294117647058822
7,-3.5294117647058822
8,-3.5294117647058822
9,-3.5294117647058822
10,-3.5294117647058822
