iteration,y,z
1,10.246950765959598,780.0
2,10.246950765959598,780.0
3,10.246950765959598,780.0
4,10.246950765959598,780.0
5,10.246950765959598,780.0
6,10.246950765959598,780.0
7,10.246950765959598,780.0
8,10.246950765959598,780.0
9,10.246950765959598,780.0
10,10.246950765959598,780.0
