iteration,y,z
1,8.774964387392123,600.0
2,11.661903789690601,600.0
3,11.661903789690601,600.0
4,11.661903789690601,600.0
5,11.661903789690601,600.0
6,11.661903789690601,600.0
7,11.661903789690601,600.0
8,11.661903789690601,600.0
9,11.661903789690601,600.0
10,11.661903789690601,600.0
