iteration,local_LB,local_UB,LB,UB,gap
1,3458.37,3657.9,3458.37,3657.9,0.054547691298285954
2,3463.6,3537.04,3463.6,3537.04,0.020763123968063707
3,3486.48,3499.67,3486.48,3499.67,0.0037689267845254135
4,3486.48,3486.33,3486.48,3486.33,-4.3025186944463364e-05
CPU time 15.9118 second