iteration,y,z
1,40.84355795489779,3295.0
2,42.150352002243636,3295.0
3,47.83304297240557,3295.1512455516013
4,47.83304297240557,3295.1512455516013
