iteration,pi
1,-0.02696420269642027
2,-0.011145623972227403
