iteration,y,z
1,79.08223567907018,4731.000000000001
2,79.08223567907018,4731.000000000001
