iteration,pi
1,-0.003821656050955414
2,-0.6806853582554518
3,-0.27118644067796716
4,-0.015267175572519083
