iteration,local_LB,local_UB,LB,UB,gap
1,1942.54,1977.32,1942.54,1977.32,0.01758946452774461
2,1971.05,2394.36,1971.05,1977.32,0.003170958671332906
3,1972.57,1987.33,1972.57,1977.32,0.002402241417676451
4,1973.85,1973.85,1973.85,1973.85,0.0
CPU time 0.7282 second