iteration,LB,UB,gap
1,-10000,10000,2.0
2,2372.36,2412.66,0.016703555411868944
3,2402.35,2412.66,0.00427329171951288
CPU time 0.3169 second