iteration,local_LB,local_UB,LB,UB,gap
1,1334.25,1334.25,1335.94,0.001265026872464373
2,1334.3,1334.3,1335.94,0.0012276000419181251
3,1334.82,1334.82,1335.94,0.0008383610042368057
4,1335.36,1335.36,1335.94,0.0004341512343369871
5,1335.94,1335.94,1335.94,0.0
CPU time 0.2 second