iteration,y,z
1,14.247806848775006,1320.0
2,14.302846869467231,1320.0
3,14.815532390029052,1320.0
4,15.362291495737217,1320.0
5,15.937377450509228,1320.0
6,15.937377450509228,1320.0
7,15.937377450509228,1320.0
8,15.937377450509228,1320.0
9,15.937377450509228,1320.0
10,15.937377450509228,1320.0
