iteration,y,z
1,33.926390907374746,1960.9999999999998
2,33.926390907374746,1960.9999999999998
