iteration,local_LB,local_UB,LB,UB,gap
1,1961.0,2096.71,1961.0,2096.71,0.06472521235650139
2,2049.76,2132.33,2049.76,2096.71,0.022392224008088775
3,2069.62,2123.51,2069.62,2096.71,0.01292024171201556
4,2096.71,2096.71,2096.71,2096.71,0.0
CPU time 5.6789 second