iteration,pi
1,0.0
2,-5.806451612903226
3,-5.806451612903226
4,-5.806451612903226
5,-5.806451612903226
6,-5.806451612903226
7,-5.806451612903226
8,-5.806451612903226
9,-5.806451612903226
10,-5.806451612903226
