iteration,y,z
1,6.4031242374328485,660.0
2,6.4031242374328485,660.0
3,6.4031242374328485,660.0
4,6.4031242374328485,660.0
5,6.4031242374328485,660.0
6,6.4031242374328485,660.0
7,6.4031242374328485,660.0
8,6.4031242374328485,660.0
9,6.4031242374328485,660.0
10,6.4031242374328485,660.0
