iteration,pi
1,0.0
2,-0.631578947368421
3,-0.631578947368421
4,-0.631578947368421
5,-0.631578947368421
6,-0.631578947368421
7,-0.631578947368421
8,-0.631578947368421
9,-0.631578947368421
10,-0.631578947368421
