iteration,y,z
1,12.409673645990857,960.0
2,12.409673645990857,960.0
3,12.409673645990857,960.0
4,12.409673645990857,960.0
5,12.409673645990857,960.0
6,12.409673645990857,960.0
7,12.409673645990857,960.0
8,12.409673645990857,960.0
9,12.409673645990857,960.0
10,12.409673645990857,960.0
