iteration,LB,UB,gap
1,-10000,10000,2.0
2,6191.81,6447.52,0.03966021043750156
3,6433.41,6447.52,0.00218843834528634
CPU time 12.015 second