iteration,local_LB,local_UB,LB,UB,gap
1,1333.34,1333.34,1336.06,0.0020358367139200542
2,1335.43,1335.43,1336.06,0.00047153570947403695
3,1336.06,1336.06,1336.06,0.0
CPU time 0.1 second