iteration,y,z
1,13.341664064126334,1320.0
2,15.427248620541512,1320.0
3,16.06237840420901,1320.0
4,16.06237840420901,1320.0
5,16.06237840420901,1320.0
6,16.06237840420901,1320.0
7,16.06237840420901,1320.0
8,16.06237840420901,1320.0
9,16.06237840420901,1320.0
10,16.06237840420901,1320.0
