iteration,y,z
1,12.529964086141668,900.0
2,12.529964086141668,900.0
3,12.529964086141668,900.0
4,12.529964086141668,900.0
5,12.529964086141668,900.0
6,12.529964086141668,900.0
7,12.529964086141668,900.0
8,12.529964086141668,900.0
9,12.529964086141668,900.0
10,12.529964086141668,900.0
