iteration,local_LB,local_UB,LB,UB,gap
1,701.0,762.58,701.0,762.58,0.08075218337748176
2,755.84,783.57,755.84,762.58,0.008838416952975436
3,762.58,762.58,762.58,762.58,0.0
CPU time 0.1523 second