iteration,pi
1,-0.25887265135699344
2,-0.012155591572123203
