iteration,y,z
1,51.57464055509352,2334.0
2,51.0098029794274,2349.0
