iteration,LB,UB,gap
1,-10000,10000,2.0
2,2372.36,2581.74,0.08110034317940601
3,2517.05,2553.04,0.014096919750571781
4,2553.04,2553.04,0.0
CPU time 0.3551 second