iteration,y,z
1,14.352700094407323,1080.0
2,14.352700094407323,1080.0
3,14.352700094407323,1080.0
4,14.352700094407323,1080.0
5,14.352700094407323,1080.0
6,14.352700094407323,1080.0
7,14.352700094407323,1080.0
8,14.352700094407323,1080.0
9,14.352700094407323,1080.0
10,14.352700094407323,1080.0
