iteration,LB,UB,gap
1,-10000,10000,2.0
2,4793.54,5047.33,0.05028203030116913
3,4996.53,5045.22,0.009650718898284021
4,5045.22,5045.22,0.0
CPU time 0.4217 second