iteration,local_LB,local_UB,LB,UB,gap
1,1210.82,1210.82,1213.93,0.0025619269644873485
2,1213.67,1213.67,1213.93,0.00021418038931403862
3,1213.93,1213.93,1213.93,0.0
CPU time 0.1 second