iteration,y,z
1,10.816653826391969,1200.0
2,13.674794331177342,1200.0
3,13.928388277184121,1200.0
4,13.928388277184121,1200.0
5,13.928388277184121,1200.0
6,13.928388277184121,1200.0
7,13.928388277184121,1200.0
8,13.928388277184121,1200.0
9,13.928388277184121,1200.0
10,13.928388277184121,1200.0
