iteration,pi
1,0.0
2,-27.058823529411764
3,-5.2857142857142865
