iteration,local_LB,local_UB,LB,UB,gap
1,541.18,546.64,541.18,546.64,0.009988292111810399
2,543.22,1445.18,543.22,546.64,0.00625640275135365
3,546.64,986.26,546.64,546.64,0.0
CPU time 0.2404 second