iteration,y,z
1,9.591663046625438,529.0
2,11.198602397271452,529.0
3,13.892443989449806,529.0
