iteration,local_LB,local_UB,LB,UB,gap
1,1195.6,1332.24,1195.6,1332.24,0.10256410256410264
2,1197.1,1226.4,1197.1,1226.4,0.023891063274625066
3,1197.1,1197.1,1197.1,1197.1,0.0
CPU time 8.3768 second