iteration,y,z
1,21.730697510335798,1168.0
2,22.912878474779177,1168.0
3,22.912878474779177,1168.0
