iteration,local_LB,local_UB,LB,UB,gap
1,6128.0,6229.45,6128.0,6229.45,0.01628554687813528
2,6211.36,6249.45,6211.36,6229.45,0.0029039481816211937
3,6226.03,6234.49,6226.03,6229.45,0.0005490051288637156
4,6229.45,6229.45,6229.45,6229.45,0.0
CPU time 9.1291 second