iteration,local_LB,local_UB,LB,UB,gap
1,1254.92,1382.21,1254.92,1382.21,0.09209165032809773
2,1259.65,1281.0,1259.65,1281.0,0.016666666666666597
3,1259.65,1259.65,1259.65,1259.65,0.0
CPU time 8.373 second