iteration,pi
1,-0.02696420269642027
2,-8.169491525423728
3,-1.791519434628972
4,-0.5664739884393064
5,-0.34726688102893893
