iteration,local_LB,local_UB,LB,UB,gap
1,5037.8,5045.22,5037.8,5045.22,0.0014706989982597532
2,5039.84,6906.98,5039.84,5045.22,0.0010663558774444144
3,5042.4,5799.29,5042.4,5045.22,0.0005589449023036891
4,5044.33,5302.16,5044.33,5045.22,0.0001764045968263678
5,5045.22,5143.32,5045.22,5045.22,0.0
CPU time 0.9624 second