iteration,y,z
1,54.744862772684094,4818.822408182241
2,56.802794150964345,4812.6325752883795
3,59.78949346517749,4803.242935996418
4,62.53279353251489,4794.194646450559
5,64.05466415492323,4789.0
