iteration,local_LB,local_UB,LB,UB,gap
1,2502.0,2778.14,2502.0,2778.14,0.09939743857400991
2,2674.61,2764.55,2674.61,2764.55,0.03253332368739941
3,2732.27,2803.9,2732.27,2764.55,0.011676403031234812
4,2737.0,2786.9,2737.0,2764.55,0.009965455499086716
5,2764.55,2764.55,2764.55,2764.55,0.0
CPU time 0.4319 second