iteration,local_LB,local_UB,LB,UB,gap
1,1138.0,1208.65,1138.0,1208.65,0.05845364663053827
2,1182.55,1284.98,1182.55,1208.65,0.021594340793447346
3,1208.65,1208.65,1208.65,1208.65,0.0
CPU time 0.1643 second