iteration,y,z
1,10.63014581273465,1020.0
2,15.329709716755891,1019.9999999999998
3,15.329709716755891,1019.9999999999998
4,15.329709716755891,1019.9999999999998
5,15.329709716755891,1019.9999999999998
6,15.329709716755891,1019.9999999999998
7,15.329709716755891,1019.9999999999998
8,15.329709716755891,1019.9999999999998
9,15.329709716755891,1019.9999999999998
10,15.329709716755891,1019.9999999999998
