iteration,local_LB,local_UB,LB,UB,gap
1,4277.0,4439.68,4277.0,4439.68,0.03664228052472256
2,4371.47,4522.77,4371.47,4439.68,0.015363719907741106
3,4424.19,4438.34,4424.19,4438.34,0.0031881288950374566
4,4438.34,4438.34,4438.34,4438.34,0.0
CPU time 12.129 second