iteration,local_LB,local_UB,LB,UB,gap
1,881.76,893.5,881.76,893.5,0.013139339675433698
2,883.36,1201.76,883.36,893.5,0.011348628987129251
3,886.32,1022.67,886.32,893.5,0.008035814213766033
4,886.55,920.43,886.55,893.5,0.007778399552322379
5,886.55,886.55,886.55,886.55,0.0
CPU time 0.3891 second