iteration,y,z
1,13.19090595827292,829.0
2,13.589211407093007,829.0
3,14.329456840136451,829.0
4,14.38749456993816,829.0
5,14.38749456993816,829.0
