iteration,local_LB,local_UB,LB,UB,gap
1,1168.0,1259.65,1168.0,1259.65,0.07275830587861715
2,1247.96,1281.0,1247.96,1259.65,0.009280355654348474
3,1259.65,1259.65,1259.65,1259.65,0.0
CPU time 4.6451 second