iteration,pi
1,0.0
2,-6.666666666666667
3,-4.918032786885246
4,-4.615384615384615
5,0.0
6,0.0
7,0.0
8,0.0
9,0.0
10,0.0
