iteration,local_LB,local_UB,LB,UB,gap
1,1213.34,1213.34,1216.43,0.0025402201524133286
2,1215.81,1215.81,1216.43,0.0005096881859211941
3,1216.41,1216.41,1216.43,1.6441554384536562e-05
4,1216.43,1216.43,1216.43,0.0
CPU time 0.2 second