iteration,y,z
1,13.341664064126334,1200.0
2,15.811388300841898,1200.0
3,16.407315441594946,1200.0
4,16.43167672515498,1200.0
5,16.43167672515498,1200.0
6,16.43167672515498,1200.0
7,16.43167672515498,1200.0
8,16.43167672515498,1200.0
9,16.43167672515498,1200.0
10,16.43167672515498,1200.0
