iteration,y,z
1,59.682493245507096,2476.0
2,59.682493245507096,2476.0
