iteration,pi
1,0.0
2,-30.0
3,-5.526315789473684
4,-4.374999999999996
5,8.881784197001252e-16
