iteration,local_LB,local_UB,LB,UB,gap
1,845.75,849.48,845.75,849.48,0.004390921504920679
2,846.26,1165.75,846.26,849.48,0.0037905542214060686
3,847.2,986.04,847.2,849.48,0.002683994914535919
4,847.27,881.92,847.27,849.48,0.0026015915618967326
5,847.27,847.27,847.27,847.27,0.0
CPU time 0.3913 second