iteration,local_LB,local_UB,LB,UB,gap
1,3295.0,3486.33,3295.0,3486.33,0.054880060120527874
2,3416.88,3499.67,3416.88,3486.33,0.019920661555274406
3,3486.33,3486.33,3486.33,3486.33,0.0
CPU time 6.4798 second