iteration,pi
1,-0.7279920870425322
2,-0.1769230769230763
3,-0.03288672350791666
4,-0.027027027027026973
