iteration,local_LB,local_UB,LB,UB,gap
1,6217.82,6952.12,6217.82,6952.12,0.10562245761005279
2,6224.31,6350.79,6224.31,6350.79,0.019915632543352806
3,6229.45,6249.7,6229.45,6249.7,0.0032401555274653186
4,6229.45,6229.45,6229.45,6229.45,0.0
CPU time 37.2598 second