iteration,y,z
1,70.72474199624048,6128.0
2,75.83362796566433,6128.0
3,79.88116173416614,6128.0
4,79.88116173416614,6128.0
