iteration,y,z
1,8.48528137423857,480.0
2,8.48528137423857,480.0
3,8.48528137423857,480.0
4,8.48528137423857,480.0
5,8.48528137423857,480.0
6,8.48528137423857,480.0
7,8.48528137423857,480.0
8,8.48528137423857,480.0
9,8.48528137423857,480.0
10,8.48528137423857,480.0
