iteration,pi
1,0.0
2,-1.5555555555555556
3,-0.7777777777777777
