iteration,local_LB,local_UB,LB,UB,gap
1,1140.73,1143.75,1140.73,1143.75,0.0026404371584699293
2,1142.3,1196.73,1142.3,1143.75,0.0012677595628415698
3,1143.75,1196.73,1143.75,1143.75,0.0
CPU time 0.3218 second