iteration,y,z
1,13.96424004376894,1123.0
2,15.198684153570662,1123.0
3,16.340134638368195,1123.0
