iteration,pi
1,-0.026964202696420275
2,-0.0015826958586124956
