iteration,y,z
1,69.03622237637282,2502.0
2,69.03622237637282,2502.0
