iteration,local_LB,local_UB,LB,UB,gap
1,4731.0,5047.33,4731.0,5047.33,0.06267273984463072
2,4964.31,5045.22,4964.31,5045.22,0.016036961718220385
3,5020.06,5078.08,5020.06,5045.22,0.004986898490055905
4,5020.6,5061.24,5020.6,5045.22,0.0048798664874871445
5,5045.22,5045.22,5045.22,5045.22,0.0
CPU time 0.4661 second