iteration,local_LB,local_UB,LB,UB,gap
1,6128.0,6447.52,6128.0,6447.52,0.04955703898553249
2,6336.82,6456.79,6336.82,6447.52,0.01716939226245141
3,6432.45,6459.1,6432.45,6447.52,0.0023373328039309094
4,6436.97,6476.1,6436.97,6447.52,0.001636288061146019
5,6442.94,6453.26,6442.94,6447.52,0.0007103506464502376
6,6447.52,6447.52,6447.52,6447.52,0.0
CPU time 14.3838 second