iteration,local_LB,local_UB,LB,UB,gap
1,1032.65,1032.65,1034.87,0.002145196981263154
2,1034.83,1034.83,1034.87,3.8652197860565695e-05
3,1034.87,1034.87,1034.87,0.0
CPU time 0.2 second