iteration,y,z
1,12.649110640673518,1020.0
2,14.832396974191326,1020.0
3,14.866068747318506,1020.0
4,14.866068747318506,1020.0
5,14.866068747318506,1020.0
6,14.866068747318506,1020.0
7,14.866068747318506,1020.0
8,14.866068747318506,1020.0
9,14.866068747318506,1020.0
10,14.866068747318506,1020.0
