iteration,local_LB,local_UB,LB,UB,gap
1,567.37,584.57,567.37,584.57,0.02942333681167361
2,573.79,1471.37,573.79,584.57,0.01844090528080484
3,584.57,1014.76,584.57,584.57,0.0
CPU time 0.2334 second