iteration,local_LB,local_UB,LB,UB,gap
1,6410.9,7124.35,6410.9,7124.35,0.10014246913753545
2,6431.33,6543.81,6431.33,6543.81,0.017188763121178712
3,6447.52,6453.26,6447.52,6453.26,0.000889472917564112
4,6447.52,6447.52,6447.52,6447.52,0.0
CPU time 37.9887 second