iteration,y,z
1,70.72474199624048,6128.0
2,75.83362796566433,6128.0
3,79.8811617341659,6128.000000000001
4,79.8811617341659,6128.000000000001
