iteration,local_LB,local_UB,LB,UB,gap
1,2334.0,2412.66,2334.0,2412.66,0.03260301907438257
2,2375.43,2413.78,2375.43,2412.66,0.015431100942528173
3,2412.66,2412.66,2412.66,2412.66,0.0
CPU time 0.2908 second