iteration,local_LB,local_UB,LB,UB,gap
1,1775.0,1866.7,1775.0,1866.7,0.04912412278352175
2,1802.66,1844.96,1802.66,1844.96,0.022927326337698353
3,1816.49,1844.7,1816.49,1844.7,0.015292459478506009
4,1833.47,1856.62,1833.47,1844.7,0.006087710738873539
5,1835.2,1857.28,1835.2,1844.7,0.0051498888708191035
6,1844.7,1844.7,1844.7,1844.7,0.0
CPU time 0.4645 second