iteration,pi
1,0.0
2,-1.6000000000000023
3,-0.8551724137931034
