iteration,local_LB,local_UB,LB,UB,gap
1,1188.12,1208.65,1188.12,1208.65,0.016985893352087205
2,1200.55,1328.12,1200.55,1208.65,0.006701691970380288
3,1210.23,1263.84,1210.23,1208.65,-0.0013072436189136038
CPU time 0.2912 second