iteration,y,z
1,12.529964086141668,1138.0
2,15.636495771111884,1138.0
3,17.66352173265569,1139.5724137931036
