iteration,pi
1,-6.0
2,-0.6185567010309279
3,-0.6185567010309279
4,-0.6185567010309279
5,-0.6185567010309279
6,-0.6185567010309279
7,-0.6185567010309279
8,-0.6185567010309279
9,-0.6185567010309279
10,-0.6185567010309279
