iteration,y,z
1,12.206555615733702,1380.0
2,12.206555615733702,1380.0
3,12.206555615733702,1380.0
4,12.206555615733702,1380.0
5,12.206555615733702,1380.0
6,12.206555615733702,1380.0
7,12.206555615733702,1380.0
8,12.206555615733702,1380.0
9,12.206555615733702,1380.0
10,12.206555615733702,1380.0
