iteration,pi
1,-1.3874345549738214
2,-0.5897435897435894
3,-0.06939501779359425
4,0.0
