iteration,local_LB,local_UB,LB,UB,gap
1,3346.87,3551.5,3346.87,3551.5,0.05761790792622838
2,3348.53,3426.45,3348.53,3426.45,0.02274073749799344
3,3355.9,3385.23,3355.9,3385.23,0.008664108494843756
4,3355.9,3355.75,3355.9,3355.75,-4.469939655817357e-05
CPU time 15.8258 second