iteration,local_LB,local_UB,LB,UB,gap
1,2334.0,2581.74,2334.0,2581.74,0.09595853958957905
2,2432.25,2553.04,2432.25,2553.04,0.047312223858615596
3,2535.93,2600.06,2535.93,2553.04,0.00670181430764897
4,2553.04,2553.04,2553.04,2553.04,0.0
CPU time 0.3548 second