iteration,y,z
1,9.38083151964686,840.0
2,9.38083151964686,840.0
3,9.38083151964686,840.0
4,9.38083151964686,840.0
5,9.38083151964686,840.0
6,9.38083151964686,840.0
7,9.38083151964686,840.0
8,9.38083151964686,840.0
9,9.38083151964686,840.0
10,9.38083151964686,840.0
